{"X_normalizer": {"analysis_axis": 0, "mean": [[0.24801587301587297, -0.0505054301075714, -0.08762486025728178, 0.04497779393649331]], "std": [[0.14660640870086175, 0.53295079801543, 1.7927908269944102, 1.846555518652545]]}, "Y_normalizer": {"analysis_axis": 0, "mean": [[-0.08762486025727513, 0.04497779393650355]], "std": [[1.7927908269944033, 1.8465555186525333]]}}