{
  "Layers = 2": {
    "Neurons = 3": {
      "val_loss": [
        0.4786300923226383
      ]
    },
    "Neurons = 5": {
      "val_loss": [
        0.19498445997580455
      ]
    },
    "Neurons = 10": {
      "val_loss": [
        0.09772372209558107
      ]
    },
    "Neurons = 15": {
      "val_loss": [
        0.012589254117941675
      ]
    },
    "Neurons = 20": {
      "val_loss": [
        0.04265795188015926
      ]
    }
  },
  "Layers = 4": {
    "Neurons = 3": {
      "val_loss": [
        0.23988329190194904
      ]
    },
    "Neurons = 5": {
      "val_loss": [
        0.2290867652767773
      ]
    },
    "Neurons = 10": {
      "val_loss": [
        0.03630780547701014
      ]
    },
    "Neurons = 15": {
      "val_loss": [
        0.0011481536214968829
      ]
    },
    "Neurons = 20": {
      "val_loss": [
        0.001174897554939529
      ]
    }
  },
  "Layers = 5": {
    "Neurons = 3": {
      "val_loss": [
        0.42657951880159267
      ]
    },
    "Neurons = 5": {
      "val_loss": [
        0.72443596007499
      ]
    },
    "Neurons = 10": {
      "val_loss": [
        0.023442288153199226
      ]
    },
    "Neurons = 15": {
      "val_loss": [
        0.0031622776601683794
      ]
    },
    "Neurons = 20": {
      "val_loss": [
        0.001412537544622754
      ]
    }
  },
  "Layers = 8": {
    "Neurons = 3": {
      "val_loss": [
        0.44668359215096315
      ]
    },
    "Neurons = 5": {
      "val_loss": [
        0.4897788193684462
      ]
    },
    "Neurons = 10": {
      "val_loss": [
        0.17378008287493754
      ]
    },
    "Neurons = 15": {
      "val_loss": [
        0.0026915348039269166
      ]
    },
    "Neurons = 20": {
      "val_loss": [
        0.00038018939632056124
      ]
    }
  },
  "Layers = 10": {
    "Neurons = 3": {
      "val_loss": [
        0.457088189614875
      ]
    },
    "Neurons = 5": {
      "val_loss": [
        0.20892961308540392
      ]
    },
    "Neurons = 10": {
      "val_loss": [
        0.047863009232263824
      ]
    },
    "Neurons = 15": {
      "val_loss": [
        0.0021379620895022326
      ]
    },
    "Neurons = 20": {
      "val_loss": [
        0.0012302687708123812
      ]
    }
  }
}