{"X_normalizer": {"analysis_axis": 0, "mean": [[0.45454545454545453, 0.005907395583654075, -0.0011258588652437954, 0.14563355467186412]], "std": [[0.3365319444233875, 0.5861728855242341, 1.72895128656263, 1.7463269438370344]]}, "Y_normalizer": {"analysis_axis": 0, "mean": [[-0.001125858865243785, 0.14563355467186412]], "std": [[1.72895128656263, 1.7463269438370344]]}}