{"X_normalizer": {"analysis_axis": 0, "mean": [[3.2, 0.005907395583654076, -0.0030763008664039804, 0.09375889600895501]], "std": [[3.1098410105841605, 0.586172885524234, 0.8655353650451989, 1.1593828899669425]]}, "Y_normalizer": {"analysis_axis": 0, "mean": [[-0.0030763008664039864, 0.09375889600895501]], "std": [[0.8655353650451989, 1.1593828899669425]]}}