{"X_normalizer": {"analysis_axis": 0, "mean": [[4.950495049504951, 1.788539891227632, 1.759533730745315, 10.833985159050211, 11.11918133760087, 10.862708469716521, 11.018281906302832]], "std": [[2.943226533901369, 0.7285743358325711, 0.7181028276941893, 5.1612555401656826, 5.2145613792134835, 5.206715897669722, 5.15132851457154]]}, "Y_normalizer": {"analysis_axis": 0, "mean": [[10.83398515904941, 11.119181337602017, 10.862708469716837, 11.01828190630208]], "std": [[5.161255540165838, 5.214561379213506, 5.206715897669602, 5.151328514571599]]}}