{"X_normalizer": {"analysis_axis": 0, "mean": [[0.4965034965034965, -0.012625023847413219, -0.20906165439232477, 0.21923621961765888]], "std": [[0.29267793919827195, 0.5212915139089404, 1.8325800876137066, 1.8035615433607377]]}, "Y_normalizer": {"analysis_axis": 0, "mean": [[-0.20906165439232471, 0.2192362196176589]], "std": [[1.8325800876137066, 1.803561543360738]]}}