{"X_normalizer": {"analysis_axis": 0, "mean": [[0.0003333333333333333, 2.486667106277717, 11.249968202720162]], "std": [[0.0004714045207910317, 1.1576914489103622, 5.148665415397019]]}, "Y_normalizer": {"analysis_axis": 0, "mean": [[11.249968202720162]], "std": [[5.148665415397019]]}}