{"X_normalizer": {"analysis_axis": 0, "mean": [[0.47619047619047616, -0.03880465088576309, -0.023202429165534885, -0.056964847688670904]], "std": [[0.31473348523209227, 0.5685906143658495, 0.8110072037503226, 1.2519249810481645]]}, "Y_normalizer": {"analysis_axis": 0, "mean": [[-0.02320242916553489, -0.05696484768867086]], "std": [[0.8110072037503226, 1.2519249810481645]]}}