{"X_normalizer": {"analysis_axis": 0, "mean": [[4.950495049504951, 1.9843979546942505, 1.9509828578183954, 6.481945001991224, 10.329775234278179, 1.6552875245492025, 2.55497674116018]], "std": [[2.943226533901369, 0.8393176348790836, 0.8272544575037785, 3.670226161895474, 5.678077946254897, 0.937208861580607, 1.4023060956334725]]}, "Y_normalizer": {"analysis_axis": 0, "mean": [[6.481945001990704, 10.329775234277733, 1.6552875245490333, 2.5549767411600146]], "std": [[3.670226161895707, 5.678077946254711, 0.937208861580529, 1.4023060956333806]]}}