{"X_normalizer": {"analysis_axis": 0, "mean": [[4.975124378109453, 2.4269600243509672, 11.638097214020696]], "std": [[2.9152990743871894, 1.1710017990328943, 5.247067438298247]]}, "Y_normalizer": {"analysis_axis": 0, "mean": [[11.638097214020695]], "std": [[5.247067438298246]]}}