{"X_normalizer": {"analysis_axis": 0, "mean": [[0.24752475247524755, 0.005907395583655746, -0.0011258588652476355, 0.14563355467187827]], "std": [[0.14716132669505622, 0.586172885524237, 1.7289512865626355, 1.746326943836959]]}, "Y_normalizer": {"analysis_axis": 0, "mean": [[-0.001125858865243769, 0.1456335546718644]], "std": [[1.7289512865626298, 1.7463269438370346]]}}